<?xml version="1.0" encoding="UTF-8"?>
<!DOCTYPE xml>

<!-- Archivo utilizado para indicar la ubicación del decorador y los archivos 
	a los cuáles debe ser aplicado -->

<decorators defaultdir="/resources/decorators">
	<!-- En este nodo deberían ser agregados todos aquellos recursos jsp a los 
		que no se les desea aplicar el decorador -->
	<excludes>
	</excludes>
	<!-- Nombre del archivo decorador ubicado en defaultdir y que será aplicado 
		a los recursos que empaten con el patrón definido -->
	<decorator name="product" page="products-template.jsp">
		<pattern>/products*</pattern>
		<pattern>/cart*</pattern>
		<pattern>/users*</pattern>
		<pattern>/orders*</pattern>
		<pattern>/register*</pattern>
		<pattern>/buy*</pattern>
	</decorator>
	<decorator name="login" page="login-template.jsp">
		<pattern>/login*</pattern>
	</decorator>
</decorators> 