<?xml version="1.0" encoding="UTF-8"?>

<!-- Define los parámetros para la creación de la instancia de la fábrica 
	de sesiones para Hibernate -->
<beans xmlns="http://www.springframework.org/schema/beans"
	xmlns:xsi="http://www.w3.org/2001/XMLSchema-instance"
	xsi:schemaLocation="http://www.springframework.org/schema/beans
http://www.springframework.org/schema/beans/spring-beans-4.3.xsd">

	<!-- Se define el bean que se encargará de crear las sesiones para conexión 
		con BD -->
	<bean id="entityManagerFactory"
		class="org.springframework.orm.jpa.LocalContainerEntityManagerFactoryBean">
		<!-- <property name="persistenceProviderClass"> <bean class="org.hibernate.ejb.HibernatePersistence" 
			/> </property> -->
		<!-- Se define el pool de conexiones a ser usado, referenciado en dataSource.xml -->
		<property name="dataSource">
			<ref bean="dataSource" />
		</property>

		<property name="jpaVendorAdapter">
			<bean class="org.springframework.orm.jpa.vendor.HibernateJpaVendorAdapter" />
		</property>

		<!-- Se definen las propiedades Hibernate -->
		<property name="jpaProperties">
			<props>
				<!-- Define el dialecto de SQL a ocupar -->
				<prop key="hibernate.dialect">org.hibernate.dialect.PostgreSQL94Dialect
				</prop>
				<!-- <prop key="geometry">org.hibernatespatial.GeometryUserType; </prop> -->
				<!-- Imprime en consola la sentencia creada por hibernate -->
				<prop key="hibernate.show_sql">true</prop> 
				<!-- Permite la reflexión mediante manipulación de bytecode en lugar 
					de reflexión en tiempo de ejecución. Esto vuelve más óptimo el trabajo de 
					Hibernate -->
				<prop key="hibernate.bytecode.use_reflection_optimizer">
					true
				</prop>
				<!-- <prop key="hibernate.jdbc.batch_size">0</prop> -->
				<prop key="hibernate.max_fetch_depth">
					0
				</prop>
			</props>
		</property>

		<!-- Define dónde serán buscadas las clases anotadas definidas como entidades 
			de JPA -->
		<property name="packagesToScan">
			<list>
				<value>wad.cart.ramos.diaz.entidad</value>
				<value>wad.cart.ramos.diaz.entidad.*</value>
			</list>
		</property>
	</bean>

	<bean id="transactionManager" class="org.springframework.orm.jpa.JpaTransactionManager">
		<property name="entityManagerFactory" ref="entityManagerFactory" />
	</bean>
</beans>